order_id;customer_id;order_date;product_type;order_value
ORDER00001;CUST0225;2024-05-22;Glass Tile;9855,65
ORDER00002;CUST0224;2025-12-16;Vinyl Tile;2969,12
ORDER00003;CUST0209;2025-04-02;Marble Tile;1480,43
ORDER00004;CUST0138;2024-03-11;Porcelain Tile;2252,12
ORDER00005;CUST0106;2025-06-21;Glass Tile;519,55
ORDER00006;CUST0150;2025-04-02;Marble Tile;1806,86
ORDER00007;CUST0234;2024-02-18;Vinyl Tile;1060,79
ORDER00008;CUST0223;2024-08-19;Vinyl Tile;1170,32
ORDER00009;CUST0204;2024-06-21;Mosaic Tile;6402,99
ORDER00010;CUST0036;2025-03-03;Glass Tile;1078,73
ORDER00011;CUST0034;2024-01-10;Vinyl Tile;7906,53
ORDER00012;CUST0097;2025-09-25;Ceramic Tile;7747,17
ORDER00013;CUST0066;2024-06-26;Glass Tile;4516,57
ORDER00014;CUST0049;2024-12-19;Ceramic Tile;7575,95
ORDER00015;CUST0170;2025-04-20;Marble Tile;7335,42
ORDER00016;CUST0179;2025-02-28;Marble Tile;3929,63
ORDER00017;CUST0050;2024-03-10;Porcelain Tile;362,93
ORDER00018;CUST0090;2024-03-26;Ceramic Tile;1514,05
ORDER00019;CUST0116;2024-06-07;Ceramic Tile;2912,28
ORDER00020;CUST0010;2025-05-19;Vinyl Tile;9723,51
ORDER00021;CUST0164;2025-02-25;Mosaic Tile;9110,99
ORDER00022;CUST0136;2024-07-12;Porcelain Tile;9663,5
ORDER00023;CUST0216;2024-04-30;Marble Tile;375,3
ORDER00024;CUST0023;2024-06-15;Porcelain Tile;7234,69
ORDER00025;CUST0091;2024-03-14;Vinyl Tile;9402,56
ORDER00026;CUST0037;2025-07-17;Granite Tile;5141,64
ORDER00027;CUST0181;2025-08-02;Ceramic Tile;511,7
ORDER00028;CUST0210;2025-07-10;Terracotta Tile;1656,42
ORDER00029;CUST0006;2025-04-06;Porcelain Tile;2531,89
ORDER00030;CUST0214;2024-11-10;Mosaic Tile;3181,59
ORDER00031;CUST0222;2025-08-24;Vinyl Tile;8948,15
ORDER00032;CUST0112;2024-09-16;Granite Tile;4118,91
ORDER00033;CUST0207;2025-04-25;Glass Tile;1088,22
ORDER00034;CUST0062;2025-03-20;Mosaic Tile;7399,39
ORDER00035;CUST0037;2024-02-14;Vinyl Tile;2922,01
ORDER00036;CUST0231;2025-07-25;Ceramic Tile;7125,24
ORDER00037;CUST0236;2025-04-27;Mosaic Tile;3030,87
ORDER00038;CUST0144;2024-02-11;Marble Tile;1747,87
ORDER00039;CUST0209;2025-12-21;Glass Tile;9489,96
ORDER00040;CUST0246;2025-11-28;Ceramic Tile;6171,81
ORDER00041;CUST0249;2024-08-19;Glass Tile;2594,43
ORDER00042;CUST0146;2025-07-09;Mosaic Tile;4876,21
ORDER00043;CUST0080;2025-07-29;Porcelain Tile;7869,8
ORDER00044;CUST0243;2024-05-12;Ceramic Tile;4329,34
ORDER00045;CUST0227;2024-12-26;Vinyl Tile;4030,11
ORDER00046;CUST0121;2025-04-30;Mosaic Tile;3385,45
ORDER00047;CUST0011;2024-11-03;Ceramic Tile;7795,91
ORDER00048;CUST0145;2024-02-05;Mosaic Tile;1731,24
ORDER00049;CUST0002;2024-05-05;Vinyl Tile;8159,08
ORDER00050;CUST0119;2025-08-16;Terracotta Tile;6477,39
ORDER00051;CUST0250;2024-03-02;Terracotta Tile;2552,07
ORDER00052;CUST0173;2024-07-22;Ceramic Tile;885,0
ORDER00053;CUST0100;2025-07-30;Marble Tile;6750,23
ORDER00054;CUST0070;2025-03-23;Granite Tile;8466,84
ORDER00055;CUST0226;2024-11-18;Vinyl Tile;806,05
ORDER00056;CUST0048;2025-11-15;Ceramic Tile;1159,99
ORDER00057;CUST0242;2024-05-04;Porcelain Tile;5950,85
ORDER00058;CUST0036;2024-02-18;Glass Tile;1321,19
ORDER00059;CUST0129;2025-07-29;Mosaic Tile;6331,92
ORDER00060;CUST0122;2025-04-02;Porcelain Tile;3259,7
ORDER00061;CUST0007;2024-03-22;Granite Tile;5812,21
ORDER00062;CUST0237;2025-08-28;Vinyl Tile;6697,75
ORDER00063;CUST0102;2025-01-11;Glass Tile;699,98
ORDER00064;CUST0168;2024-12-13;Vinyl Tile;1267,86
ORDER00065;CUST0234;2025-05-09;Porcelain Tile;9168,1
ORDER00066;CUST0079;2024-07-17;Vinyl Tile;8633,85
ORDER00067;CUST0075;2025-02-24;Granite Tile;9793,21
ORDER00068;CUST0081;2024-11-01;Marble Tile;6540,63
ORDER00069;CUST0219;2024-08-19;Glass Tile;2432,67
ORDER00070;CUST0154;2024-12-25;Ceramic Tile;159,67
ORDER00071;CUST0193;2024-01-27;Glass Tile;5284,93
ORDER00072;CUST0240;2024-11-03;Granite Tile;4935,94
ORDER00073;CUST0123;2025-12-02;Mosaic Tile;3903,42
ORDER00074;CUST0041;2024-02-28;Glass Tile;269,5
ORDER00075;CUST0149;2025-02-10;Mosaic Tile;7166,2
ORDER00076;CUST0170;2025-10-22;Ceramic Tile;1964,74
ORDER00077;CUST0207;2024-12-07;Ceramic Tile;6050,68
ORDER00078;CUST0190;2025-09-11;Vinyl Tile;4050,01
ORDER00079;CUST0004;2025-06-02;Marble Tile;7114,9
ORDER00080;CUST0178;2024-11-09;Glass Tile;8699,03
ORDER00081;CUST0096;2025-03-01;Ceramic Tile;1657,47
ORDER00082;CUST0067;2025-04-23;Porcelain Tile;9585,53
ORDER00083;CUST0045;2025-09-21;Granite Tile;5557,78
ORDER00084;CUST0008;2024-08-09;Ceramic Tile;2868,99
ORDER00085;CUST0099;2025-12-30;Terracotta Tile;5046,92
ORDER00086;CUST0185;2024-10-29;Terracotta Tile;3257,73
ORDER00087;CUST0045;2024-11-09;Vinyl Tile;882,57
ORDER00088;CUST0009;2025-11-01;Vinyl Tile;9099,92
ORDER00089;CUST0004;2025-10-30;Granite Tile;2978,95
ORDER00090;CUST0007;2024-10-05;Mosaic Tile;3913,47
ORDER00091;CUST0201;2024-01-31;Ceramic Tile;5082,63
ORDER00092;CUST0093;2024-12-01;Glass Tile;8663,9
ORDER00093;CUST0206;2024-09-02;Ceramic Tile;646,97
ORDER00094;CUST0029;2024-06-06;Mosaic Tile;1935,17
ORDER00095;CUST0077;2025-02-27;Marble Tile;3241,92
ORDER00096;CUST0173;2024-12-21;Ceramic Tile;2960,4
ORDER00097;CUST0052;2024-08-15;Marble Tile;9940,97
ORDER00098;CUST0217;2025-04-26;Terracotta Tile;2057,06
ORDER00099;CUST0049;2025-03-11;Vinyl Tile;2131,1
ORDER00100;CUST0109;2025-09-15;Marble Tile;5424,48
ORDER00101;CUST0208;2025-03-18;Ceramic Tile;8270,56
ORDER00102;CUST0199;2024-08-04;Ceramic Tile;2937,27
ORDER00103;CUST0183;2024-07-25;Glass Tile;8500,69
ORDER00104;CUST0028;2025-10-15;Marble Tile;5478,52
ORDER00105;CUST0067;2025-02-20;Granite Tile;9411,68
ORDER00106;CUST0034;2025-10-12;Mosaic Tile;7900,37
ORDER00107;CUST0122;2024-05-31;Porcelain Tile;7843,83
ORDER00108;CUST0245;2025-06-01;Terracotta Tile;3394,28
ORDER00109;CUST0166;2025-09-20;Ceramic Tile;3080,86
ORDER00110;CUST0111;2025-12-29;Vinyl Tile;8872,47
ORDER00111;CUST0129;2024-03-11;Mosaic Tile;1806,25
ORDER00112;CUST0201;2024-11-05;Porcelain Tile;2505,7
ORDER00113;CUST0227;2024-05-08;Mosaic Tile;1210,38
ORDER00114;CUST0236;2024-05-05;Vinyl Tile;2331,7
ORDER00115;CUST0016;2024-03-21;Terracotta Tile;2811,92
ORDER00116;CUST0233;2025-12-25;Mosaic Tile;7019,18
ORDER00117;CUST0036;2025-01-26;Marble Tile;8284,68
ORDER00118;CUST0006;2025-02-15;Ceramic Tile;4749,82
ORDER00119;CUST0225;2024-03-07;Granite Tile;3698,05
ORDER00120;CUST0184;2024-03-03;Terracotta Tile;1264,35
ORDER00121;CUST0132;2024-04-05;Porcelain Tile;6305,71
ORDER00122;CUST0086;2024-12-25;Granite Tile;9831,26
ORDER00123;CUST0217;2024-01-03;Glass Tile;3907,43
ORDER00124;CUST0073;2024-01-03;Porcelain Tile;4382,06
ORDER00125;CUST0003;2025-06-03;Ceramic Tile;9855,61
ORDER00126;CUST0171;2024-03-09;Vinyl Tile;8483,3
ORDER00127;CUST0230;2025-04-20;Marble Tile;6157,53
ORDER00128;CUST0230;2025-06-20;Mosaic Tile;9770,87
ORDER00129;CUST0112;2025-03-09;Ceramic Tile;7214,8
ORDER00130;CUST0063;2025-10-09;Granite Tile;2554,68
ORDER00131;CUST0129;2025-08-27;Granite Tile;1516,18
ORDER00132;CUST0194;2025-05-24;Mosaic Tile;3969,38
ORDER00133;CUST0053;2025-10-06;Glass Tile;518,29
ORDER00134;CUST0087;2024-02-12;Granite Tile;4340,68
ORDER00135;CUST0193;2024-10-25;Granite Tile;6451,15
ORDER00136;CUST0161;2025-02-11;Mosaic Tile;732,8
ORDER00137;CUST0071;2025-12-07;Terracotta Tile;1578,87
ORDER00138;CUST0232;2025-02-08;Vinyl Tile;8482,31
ORDER00139;CUST0073;2025-02-05;Granite Tile;6181,52
ORDER00140;CUST0138;2025-06-25;Vinyl Tile;96,79
ORDER00141;CUST0142;2025-10-20;Glass Tile;2712,82
ORDER00142;CUST0196;2025-03-19;Vinyl Tile;1295,91
ORDER00143;CUST0018;2025-01-04;Terracotta Tile;5196,96
ORDER00144;CUST0098;2025-06-09;Mosaic Tile;2574,54
ORDER00145;CUST0099;2024-12-21;Glass Tile;6937,68
ORDER00146;CUST0113;2025-07-20;Mosaic Tile;5812,64
ORDER00147;CUST0175;2025-08-08;Terracotta Tile;6958,82
ORDER00148;CUST0145;2025-02-13;Granite Tile;7953,52
ORDER00149;CUST0017;2025-04-14;Ceramic Tile;5580,02
ORDER00150;CUST0032;2025-08-25;Vinyl Tile;6275,71
ORDER00151;CUST0072;2024-11-13;Terracotta Tile;8213,85
ORDER00152;CUST0202;2024-08-22;Ceramic Tile;7062,59
ORDER00153;CUST0099;2025-05-17;Marble Tile;5193,01
ORDER00154;CUST0178;2024-11-20;Porcelain Tile;3941,9
ORDER00155;CUST0193;2024-05-04;Porcelain Tile;1405,59
ORDER00156;CUST0218;2025-07-15;Porcelain Tile;3673,68
ORDER00157;CUST0047;2024-09-08;Porcelain Tile;2099,42
ORDER00158;CUST0194;2025-04-11;Mosaic Tile;1822,53
ORDER00159;CUST0067;2024-06-24;Marble Tile;837,08
ORDER00160;CUST0009;2025-11-11;Mosaic Tile;5287,47
ORDER00161;CUST0002;2025-04-01;Porcelain Tile;5100,89
ORDER00162;CUST0068;2024-04-02;Granite Tile;4498,88
ORDER00163;CUST0004;2024-10-16;Vinyl Tile;6074,3
ORDER00164;CUST0129;2024-10-24;Vinyl Tile;3247,43
ORDER00165;CUST0238;2025-07-22;Porcelain Tile;9669,3
ORDER00166;CUST0206;2024-07-06;Vinyl Tile;3621,63
ORDER00167;CUST0039;2024-10-15;Marble Tile;4924,78
ORDER00168;CUST0208;2024-03-09;Porcelain Tile;1212,56
ORDER00169;CUST0153;2024-12-24;Granite Tile;2733,98
ORDER00170;CUST0230;2025-09-09;Vinyl Tile;1524,16
ORDER00171;CUST0204;2024-10-20;Porcelain Tile;5015,37
ORDER00172;CUST0043;2025-11-13;Terracotta Tile;9491,94
ORDER00173;CUST0209;2025-10-13;Terracotta Tile;1621,31
ORDER00174;CUST0066;2024-08-14;Mosaic Tile;4218,8
ORDER00175;CUST0250;2025-12-30;Vinyl Tile;4638,86
ORDER00176;CUST0175;2025-11-05;Vinyl Tile;5889,47
ORDER00177;CUST0182;2024-09-13;Glass Tile;4970,29
ORDER00178;CUST0211;2025-02-15;Porcelain Tile;1236,68
ORDER00179;CUST0010;2025-09-20;Mosaic Tile;968,25
ORDER00180;CUST0044;2025-11-15;Glass Tile;9525,86
ORDER00181;CUST0157;2025-03-27;Marble Tile;4755,19
ORDER00182;CUST0096;2025-07-03;Vinyl Tile;6127,08
ORDER00183;CUST0172;2025-10-22;Ceramic Tile;7748,95
ORDER00184;CUST0224;2024-12-16;Granite Tile;6850,09
ORDER00185;CUST0206;2025-05-23;Mosaic Tile;1481,37
ORDER00186;CUST0208;2024-05-28;Porcelain Tile;9942,47
ORDER00187;CUST0009;2025-10-10;Terracotta Tile;5310,27
ORDER00188;CUST0245;2024-07-02;Terracotta Tile;2276,76
ORDER00189;CUST0044;2024-05-01;Granite Tile;1476,89
ORDER00190;CUST0205;2025-05-19;Terracotta Tile;3068,03
ORDER00191;CUST0103;2024-04-27;Granite Tile;8160,6
ORDER00192;CUST0168;2024-09-12;Glass Tile;6623,12
ORDER00193;CUST0078;2024-11-03;Marble Tile;6639,78
ORDER00194;CUST0036;2024-11-02;Mosaic Tile;7645,48
ORDER00195;CUST0027;2025-05-24;Ceramic Tile;2216,96
ORDER00196;CUST0056;2025-03-09;Granite Tile;5280,13
ORDER00197;CUST0219;2025-01-01;Mosaic Tile;7914,96
ORDER00198;CUST0241;2024-04-06;Vinyl Tile;2103,1
ORDER00199;CUST0122;2024-06-30;Mosaic Tile;9281,73
ORDER00200;CUST0003;2024-02-04;Glass Tile;3539,28
ORDER00201;CUST0045;2024-04-09;Ceramic Tile;8077,95
ORDER00202;CUST0172;2024-03-13;Glass Tile;8166,21
ORDER00203;CUST0087;2025-10-04;Mosaic Tile;1567,1
ORDER00204;CUST0001;2024-06-02;Vinyl Tile;4025,27
ORDER00205;CUST0218;2025-01-13;Marble Tile;9648,88
ORDER00206;CUST0197;2025-06-05;Mosaic Tile;6674,67
ORDER00207;CUST0180;2025-11-10;Vinyl Tile;9265,44
ORDER00208;CUST0167;2025-06-11;Mosaic Tile;2058,43
ORDER00209;CUST0174;2024-07-05;Glass Tile;2630,04
ORDER00210;CUST0142;2024-12-01;Glass Tile;634,62
ORDER00211;CUST0240;2025-12-09;Terracotta Tile;1055,29
ORDER00212;CUST0226;2024-03-08;Terracotta Tile;958,48
ORDER00213;CUST0014;2024-08-04;Marble Tile;5638,24
ORDER00214;CUST0036;2024-05-06;Marble Tile;8209,27
ORDER00215;CUST0204;2025-02-04;Marble Tile;136,63
ORDER00216;CUST0057;2024-04-23;Glass Tile;376,94
ORDER00217;CUST0065;2024-04-12;Granite Tile;3278,27
ORDER00218;CUST0097;2025-10-19;Ceramic Tile;1195,65
ORDER00219;CUST0135;2024-04-28;Vinyl Tile;5831,23
ORDER00220;CUST0115;2025-03-08;Terracotta Tile;7105,51
ORDER00221;CUST0218;2024-06-02;Ceramic Tile;332,15
ORDER00222;CUST0141;2024-06-30;Mosaic Tile;4442,83
ORDER00223;CUST0013;2025-08-21;Porcelain Tile;8017,62
ORDER00224;CUST0066;2025-07-26;Glass Tile;7371,35
ORDER00225;CUST0224;2024-07-08;Porcelain Tile;4873,3
ORDER00226;CUST0023;2025-12-01;Marble Tile;875,3
ORDER00227;CUST0221;2025-03-22;Marble Tile;4771,01
ORDER00228;CUST0116;2024-04-23;Mosaic Tile;7940,63
ORDER00229;CUST0082;2025-09-11;Glass Tile;1693,79
ORDER00230;CUST0249;2025-12-24;Glass Tile;3531,41
ORDER00231;CUST0156;2025-08-06;Mosaic Tile;6910,68
ORDER00232;CUST0072;2025-01-11;Mosaic Tile;8041,35
ORDER00233;CUST0111;2025-07-27;Glass Tile;2729,62
ORDER00234;CUST0222;2025-09-11;Ceramic Tile;7258,34
ORDER00235;CUST0149;2024-03-24;Mosaic Tile;2536,09
ORDER00236;CUST0152;2025-03-03;Marble Tile;4703,85
ORDER00237;CUST0098;2024-08-12;Ceramic Tile;3444,69
ORDER00238;CUST0064;2024-04-16;Mosaic Tile;5302,63
ORDER00239;CUST0246;2024-10-23;Glass Tile;2197,26
ORDER00240;CUST0109;2024-08-03;Marble Tile;223,78
ORDER00241;CUST0057;2024-09-19;Vinyl Tile;9404,89
ORDER00242;CUST0044;2025-02-08;Mosaic Tile;8140,07
ORDER00243;CUST0081;2025-12-17;Vinyl Tile;9804,55
ORDER00244;CUST0065;2025-05-11;Ceramic Tile;4019,15
ORDER00245;CUST0057;2025-12-14;Terracotta Tile;8121,99
ORDER00246;CUST0026;2025-10-03;Mosaic Tile;8476,43
ORDER00247;CUST0170;2025-05-17;Marble Tile;9103,92
ORDER00248;CUST0184;2024-06-25;Ceramic Tile;5624,53
ORDER00249;CUST0113;2025-04-02;Terracotta Tile;9764,67
ORDER00250;CUST0242;2025-02-19;Mosaic Tile;1718,43
ORDER00251;CUST0230;2025-12-17;Glass Tile;1535,82
ORDER00252;CUST0222;2025-07-24;Marble Tile;808,16
ORDER00253;CUST0242;2025-04-01;Glass Tile;8584,63
ORDER00254;CUST0215;2025-01-22;Ceramic Tile;1315,75
ORDER00255;CUST0119;2025-05-21;Granite Tile;7684,68
ORDER00256;CUST0152;2025-04-20;Glass Tile;4379,75
ORDER00257;CUST0018;2025-01-20;Granite Tile;8925,82
ORDER00258;CUST0042;2025-04-06;Ceramic Tile;380,37
ORDER00259;CUST0200;2024-11-08;Ceramic Tile;3715,35
ORDER00260;CUST0229;2025-03-14;Vinyl Tile;2229,11
ORDER00261;CUST0243;2024-06-15;Granite Tile;1100,22
ORDER00262;CUST0159;2024-08-24;Terracotta Tile;3278,9
ORDER00263;CUST0166;2024-07-03;Vinyl Tile;4986,99
ORDER00264;CUST0096;2024-05-21;Porcelain Tile;4037,16
ORDER00265;CUST0100;2024-11-18;Marble Tile;8242,88
ORDER00266;CUST0164;2024-11-30;Porcelain Tile;5767,08
ORDER00267;CUST0038;2025-04-07;Porcelain Tile;3600,62
ORDER00268;CUST0037;2024-04-10;Vinyl Tile;7459,08
ORDER00269;CUST0125;2025-11-20;Vinyl Tile;2781,4
ORDER00270;CUST0109;2024-01-12;Vinyl Tile;5564,96
ORDER00271;CUST0045;2025-06-13;Granite Tile;862,11
ORDER00272;CUST0057;2025-08-06;Porcelain Tile;3764,86
ORDER00273;CUST0237;2025-12-08;Ceramic Tile;680,46
ORDER00274;CUST0156;2025-11-06;Porcelain Tile;5006,63
ORDER00275;CUST0027;2025-01-20;Ceramic Tile;5901,94
ORDER00276;CUST0001;2024-04-05;Marble Tile;7874,19
ORDER00277;CUST0124;2025-03-08;Granite Tile;435,37
ORDER00278;CUST0215;2025-03-19;Terracotta Tile;8604,4
ORDER00279;CUST0133;2025-08-30;Vinyl Tile;7167,99
ORDER00280;CUST0098;2025-01-29;Terracotta Tile;6087,45
ORDER00281;CUST0009;2025-12-25;Terracotta Tile;6692,07
ORDER00282;CUST0055;2025-01-31;Vinyl Tile;6444,73
ORDER00283;CUST0191;2024-08-31;Ceramic Tile;846,32
ORDER00284;CUST0216;2024-04-11;Granite Tile;8241,31
ORDER00285;CUST0127;2025-03-15;Porcelain Tile;8792,56
ORDER00286;CUST0108;2025-09-16;Ceramic Tile;9141,35
ORDER00287;CUST0141;2024-08-09;Mosaic Tile;8332,12
ORDER00288;CUST0248;2024-12-31;Terracotta Tile;3313,73
ORDER00289;CUST0209;2025-06-06;Glass Tile;8759,39
ORDER00290;CUST0166;2025-01-11;Mosaic Tile;3269,2
ORDER00291;CUST0093;2025-09-02;Porcelain Tile;97,39
ORDER00292;CUST0066;2024-05-06;Vinyl Tile;7378,07
ORDER00293;CUST0031;2025-04-25;Marble Tile;4739,23
ORDER00294;CUST0080;2024-09-17;Marble Tile;7490,8
ORDER00295;CUST0124;2024-09-09;Granite Tile;4229,88
ORDER00296;CUST0196;2025-06-10;Ceramic Tile;5485,69
ORDER00297;CUST0148;2024-08-13;Glass Tile;9748,86
ORDER00298;CUST0007;2025-12-25;Porcelain Tile;8937,75
ORDER00299;CUST0195;2024-12-01;Porcelain Tile;3283,57
ORDER00300;CUST0223;2025-08-19;Marble Tile;5526,66
ORDER00301;CUST0149;2024-11-30;Marble Tile;2965,39
ORDER00302;CUST0201;2025-05-20;Glass Tile;4851,35
ORDER00303;CUST0027;2024-05-02;Ceramic Tile;4860,37
ORDER00304;CUST0243;2024-12-05;Marble Tile;5084,28
ORDER00305;CUST0229;2024-06-03;Marble Tile;5517,85
ORDER00306;CUST0030;2025-11-08;Mosaic Tile;2114,94
ORDER00307;CUST0027;2024-12-28;Glass Tile;2448,84
ORDER00308;CUST0011;2025-02-23;Glass Tile;4662,37
ORDER00309;CUST0133;2025-07-12;Ceramic Tile;7942,99
ORDER00310;CUST0208;2025-03-29;Marble Tile;1720,62
ORDER00311;CUST0058;2024-07-11;Granite Tile;4565,22
ORDER00312;CUST0072;2025-04-11;Mosaic Tile;3407,74
ORDER00313;CUST0128;2025-02-12;Granite Tile;3649,44
ORDER00314;CUST0176;2025-03-05;Porcelain Tile;2118,67
ORDER00315;CUST0121;2025-03-18;Ceramic Tile;1454,15
ORDER00316;CUST0180;2025-11-26;Porcelain Tile;4924,92
ORDER00317;CUST0236;2024-08-30;Ceramic Tile;7252,77
ORDER00318;CUST0154;2025-04-07;Terracotta Tile;1437,79
ORDER00319;CUST0046;2024-02-13;Glass Tile;3061,32
ORDER00320;CUST0058;2025-12-07;Mosaic Tile;2953,03
ORDER00321;CUST0221;2025-08-13;Mosaic Tile;7094,01
ORDER00322;CUST0193;2024-08-26;Granite Tile;5063,18
ORDER00323;CUST0146;2025-02-16;Marble Tile;5975,35
ORDER00324;CUST0196;2024-06-05;Ceramic Tile;672,92
ORDER00325;CUST0081;2024-01-22;Porcelain Tile;357,96
ORDER00326;CUST0023;2024-05-27;Ceramic Tile;9223,02
ORDER00327;CUST0100;2025-11-18;Vinyl Tile;4701,97
ORDER00328;CUST0204;2025-03-22;Mosaic Tile;4160,54
ORDER00329;CUST0172;2024-08-13;Terracotta Tile;8690,12
ORDER00330;CUST0195;2024-05-22;Granite Tile;3410,11
ORDER00331;CUST0066;2025-12-13;Glass Tile;1851,22
ORDER00332;CUST0119;2024-10-16;Vinyl Tile;2307,92
ORDER00333;CUST0161;2024-01-18;Glass Tile;1625,7
ORDER00334;CUST0223;2024-12-14;Mosaic Tile;7274,3
ORDER00335;CUST0170;2024-02-04;Ceramic Tile;2661,83
ORDER00336;CUST0055;2025-09-12;Marble Tile;6500,1
ORDER00337;CUST0250;2024-11-17;Mosaic Tile;3288,49
ORDER00338;CUST0250;2024-12-17;Marble Tile;917,76
ORDER00339;CUST0245;2025-05-30;Vinyl Tile;4760,83
ORDER00340;CUST0072;2025-09-30;Glass Tile;7824,3
ORDER00341;CUST0045;2025-12-03;Porcelain Tile;6728,84
ORDER00342;CUST0133;2025-12-01;Ceramic Tile;7108,38
ORDER00343;CUST0039;2025-08-20;Marble Tile;8625,13
ORDER00344;CUST0088;2025-08-26;Marble Tile;8512,21
ORDER00345;CUST0222;2025-12-17;Granite Tile;9096,35
ORDER00346;CUST0223;2025-07-24;Marble Tile;5888,43
ORDER00347;CUST0191;2024-01-03;Terracotta Tile;3179,22
ORDER00348;CUST0035;2024-08-25;Porcelain Tile;3501,74
ORDER00349;CUST0115;2024-12-10;Vinyl Tile;3107,31
ORDER00350;CUST0174;2024-06-14;Glass Tile;197,3
ORDER00351;CUST0136;2024-10-02;Granite Tile;5788,2
ORDER00352;CUST0110;2025-11-08;Mosaic Tile;6435,92
ORDER00353;CUST0231;2024-01-05;Granite Tile;6799,94
ORDER00354;CUST0143;2024-08-03;Granite Tile;5811,69
ORDER00355;CUST0057;2025-11-06;Terracotta Tile;2220,48
ORDER00356;CUST0051;2024-05-24;Ceramic Tile;3332,45
ORDER00357;CUST0036;2025-03-17;Terracotta Tile;4152,91
ORDER00358;CUST0203;2024-11-06;Granite Tile;1030,46
ORDER00359;CUST0115;2024-07-23;Terracotta Tile;8622,26
ORDER00360;CUST0105;2025-08-16;Mosaic Tile;1528,9
ORDER00361;CUST0147;2025-07-24;Mosaic Tile;1953,82
ORDER00362;CUST0099;2025-02-22;Glass Tile;3381,44
ORDER00363;CUST0015;2025-01-27;Porcelain Tile;5463,75
ORDER00364;CUST0131;2025-03-20;Marble Tile;9168,59
ORDER00365;CUST0086;2025-11-18;Granite Tile;7852,63
ORDER00366;CUST0049;2024-07-23;Terracotta Tile;9770,11
ORDER00367;CUST0159;2024-03-26;Mosaic Tile;5419,1
ORDER00368;CUST0021;2024-09-29;Vinyl Tile;3608,23
ORDER00369;CUST0027;2024-01-15;Glass Tile;8863,11
ORDER00370;CUST0148;2024-01-21;Ceramic Tile;445,6
ORDER00371;CUST0062;2024-04-18;Terracotta Tile;9642,12
ORDER00372;CUST0038;2025-05-30;Marble Tile;5510,23
ORDER00373;CUST0159;2024-03-29;Granite Tile;1317,72
ORDER00374;CUST0070;2024-02-25;Porcelain Tile;1930,71
ORDER00375;CUST0053;2024-11-04;Glass Tile;9573,93
ORDER00376;CUST0048;2025-12-11;Vinyl Tile;509,55
ORDER00377;CUST0157;2025-11-23;Ceramic Tile;6111,63
ORDER00378;CUST0070;2025-04-03;Mosaic Tile;2349,67
ORDER00379;CUST0063;2024-10-09;Mosaic Tile;7757,72
ORDER00380;CUST0202;2025-07-18;Mosaic Tile;5157,19
ORDER00381;CUST0229;2024-02-21;Marble Tile;1088,36
ORDER00382;CUST0029;2024-08-20;Porcelain Tile;9498,31
ORDER00383;CUST0162;2024-08-22;Granite Tile;3415,42
ORDER00384;CUST0236;2024-06-15;Ceramic Tile;1607,41
ORDER00385;CUST0093;2024-11-14;Marble Tile;468,15
ORDER00386;CUST0021;2025-02-12;Marble Tile;8739,1
ORDER00387;CUST0001;2024-04-30;Terracotta Tile;4410,55
ORDER00388;CUST0165;2024-04-25;Glass Tile;176,25
ORDER00389;CUST0204;2024-10-16;Mosaic Tile;3504,06
ORDER00390;CUST0189;2025-12-17;Glass Tile;8433,57
ORDER00391;CUST0200;2025-06-01;Terracotta Tile;1309,78
ORDER00392;CUST0089;2024-07-10;Glass Tile;8572,45
ORDER00393;CUST0150;2024-04-24;Ceramic Tile;2665,72
ORDER00394;CUST0122;2024-01-18;Granite Tile;2759,37
ORDER00395;CUST0108;2024-02-08;Vinyl Tile;6943,07
ORDER00396;CUST0080;2025-06-13;Porcelain Tile;1096,16
ORDER00397;CUST0057;2025-03-22;Ceramic Tile;694,65
ORDER00398;CUST0057;2024-09-21;Marble Tile;3163,02
ORDER00399;CUST0059;2025-01-30;Glass Tile;4739,65
ORDER00400;CUST0047;2024-06-19;Granite Tile;366,61
ORDER00401;CUST0128;2024-08-30;Porcelain Tile;8461,99
ORDER00402;CUST0198;2024-03-04;Terracotta Tile;9593,06
ORDER00403;CUST0226;2025-08-09;Ceramic Tile;9932,94
ORDER00404;CUST0107;2024-12-11;Porcelain Tile;9804,9
ORDER00405;CUST0088;2025-03-16;Vinyl Tile;6498,99
ORDER00406;CUST0089;2024-05-10;Granite Tile;3962,21
ORDER00407;CUST0190;2025-05-09;Glass Tile;5519,37
ORDER00408;CUST0069;2025-08-07;Mosaic Tile;558,47
ORDER00409;CUST0243;2024-05-09;Vinyl Tile;5124,48
ORDER00410;CUST0041;2025-02-11;Terracotta Tile;3230,09
ORDER00411;CUST0226;2025-02-01;Mosaic Tile;609,95
ORDER00412;CUST0115;2025-06-14;Marble Tile;7332,84
ORDER00413;CUST0062;2025-04-18;Granite Tile;7709,18
ORDER00414;CUST0138;2024-08-17;Porcelain Tile;8338,99
ORDER00415;CUST0188;2025-08-27;Marble Tile;3041,47
ORDER00416;CUST0044;2025-06-18;Mosaic Tile;7311,44
ORDER00417;CUST0149;2024-09-10;Marble Tile;8929,6
ORDER00418;CUST0195;2024-01-22;Glass Tile;9707,0
ORDER00419;CUST0034;2025-02-28;Terracotta Tile;4141,32
ORDER00420;CUST0059;2025-05-10;Glass Tile;9275,22
ORDER00421;CUST0131;2025-11-28;Mosaic Tile;6822,69
ORDER00422;CUST0035;2024-03-11;Granite Tile;7102,92
ORDER00423;CUST0058;2024-10-04;Ceramic Tile;3127,95
ORDER00424;CUST0021;2025-03-22;Granite Tile;7994,95
ORDER00425;CUST0067;2024-08-25;Ceramic Tile;4033,07
ORDER00426;CUST0077;2024-11-06;Vinyl Tile;2604,78
ORDER00427;CUST0237;2024-08-26;Terracotta Tile;2690,86
ORDER00428;CUST0099;2024-05-17;Terracotta Tile;766,87
ORDER00429;CUST0075;2025-10-07;Marble Tile;9431,56
ORDER00430;CUST0087;2025-07-21;Terracotta Tile;6073,11
ORDER00431;CUST0081;2025-11-25;Granite Tile;7243,19
ORDER00432;CUST0202;2025-10-14;Terracotta Tile;3701,91
ORDER00433;CUST0241;2024-04-07;Mosaic Tile;3454,02
ORDER00434;CUST0136;2025-08-26;Mosaic Tile;9246,38
ORDER00435;CUST0113;2025-10-13;Porcelain Tile;7933,95
ORDER00436;CUST0058;2025-07-01;Mosaic Tile;9051,05
ORDER00437;CUST0041;2024-09-18;Granite Tile;3500,57
ORDER00438;CUST0073;2024-11-26;Ceramic Tile;5410,33
ORDER00439;CUST0119;2025-07-12;Granite Tile;6300,62
ORDER00440;CUST0203;2024-04-07;Terracotta Tile;7129,9
ORDER00441;CUST0117;2025-07-20;Mosaic Tile;383,0
ORDER00442;CUST0111;2025-12-08;Vinyl Tile;1701,06
ORDER00443;CUST0045;2024-01-27;Terracotta Tile;3089,16
ORDER00444;CUST0142;2025-06-15;Glass Tile;9179,75
ORDER00445;CUST0218;2024-06-13;Terracotta Tile;1745,78
ORDER00446;CUST0147;2024-03-15;Marble Tile;8402,93
ORDER00447;CUST0089;2025-03-24;Mosaic Tile;9992,76
ORDER00448;CUST0025;2025-09-25;Granite Tile;6201,41
ORDER00449;CUST0116;2025-06-17;Granite Tile;1347,55
ORDER00450;CUST0032;2024-06-21;Marble Tile;9935,58
ORDER00451;CUST0006;2024-04-01;Porcelain Tile;3375,18
ORDER00452;CUST0079;2025-01-11;Vinyl Tile;5830,99
ORDER00453;CUST0084;2024-01-06;Mosaic Tile;2454,18
ORDER00454;CUST0170;2024-02-19;Marble Tile;6187,24
ORDER00455;CUST0069;2024-09-14;Glass Tile;6729,4
ORDER00456;CUST0035;2025-04-23;Terracotta Tile;4252,43
ORDER00457;CUST0203;2025-06-26;Terracotta Tile;3730,46
ORDER00458;CUST0195;2025-02-21;Marble Tile;8650,11
ORDER00459;CUST0044;2024-01-22;Mosaic Tile;3877,5
ORDER00460;CUST0109;2025-05-01;Ceramic Tile;5336,1
ORDER00461;CUST0008;2024-09-10;Ceramic Tile;2337,2
ORDER00462;CUST0164;2025-12-06;Marble Tile;5580,05
ORDER00463;CUST0008;2025-08-10;Terracotta Tile;3193,9
ORDER00464;CUST0186;2024-09-12;Porcelain Tile;8873,14
ORDER00465;CUST0199;2025-09-16;Porcelain Tile;2506,37
ORDER00466;CUST0087;2024-08-20;Vinyl Tile;4069,92
ORDER00467;CUST0124;2024-08-18;Terracotta Tile;1366,71
ORDER00468;CUST0223;2024-12-23;Porcelain Tile;2694,65
ORDER00469;CUST0226;2025-11-25;Granite Tile;3754,22
ORDER00470;CUST0119;2025-04-27;Terracotta Tile;6583,29
ORDER00471;CUST0057;2024-04-02;Terracotta Tile;5574,08
ORDER00472;CUST0096;2025-12-02;Mosaic Tile;9447,13
ORDER00473;CUST0228;2024-05-16;Glass Tile;9972,3
ORDER00474;CUST0040;2024-12-25;Marble Tile;3321,8
ORDER00475;CUST0117;2024-10-25;Granite Tile;6660,67
ORDER00476;CUST0144;2025-08-20;Glass Tile;2783,23
ORDER00477;CUST0096;2024-02-19;Vinyl Tile;6460,26
ORDER00478;CUST0062;2025-02-23;Vinyl Tile;4967,42
ORDER00479;CUST0162;2025-08-17;Marble Tile;9936,27
ORDER00480;CUST0168;2025-12-28;Granite Tile;8593,58
ORDER00481;CUST0069;2024-12-26;Terracotta Tile;9440,7
ORDER00482;CUST0128;2025-08-12;Mosaic Tile;3462,79
ORDER00483;CUST0026;2025-08-03;Granite Tile;1508,59
ORDER00484;CUST0132;2025-07-05;Granite Tile;2128,27
ORDER00485;CUST0041;2024-02-10;Vinyl Tile;2922,71
ORDER00486;CUST0047;2024-09-28;Marble Tile;2227,6
ORDER00487;CUST0063;2024-04-24;Mosaic Tile;1921,05
ORDER00488;CUST0192;2025-05-18;Mosaic Tile;7918,36
ORDER00489;CUST0214;2024-10-01;Vinyl Tile;5097,51
ORDER00490;CUST0191;2025-12-06;Marble Tile;7341,75
ORDER00491;CUST0212;2024-04-06;Granite Tile;7950,72
ORDER00492;CUST0022;2024-09-16;Marble Tile;1908,39
ORDER00493;CUST0184;2024-04-14;Ceramic Tile;8053,06
ORDER00494;CUST0239;2025-09-28;Porcelain Tile;6697,75
ORDER00495;CUST0097;2024-06-25;Porcelain Tile;1714,7
ORDER00496;CUST0056;2025-04-29;Glass Tile;6538,97
ORDER00497;CUST0185;2024-10-05;Granite Tile;1153,83
ORDER00498;CUST0205;2024-05-22;Terracotta Tile;9096,97
ORDER00499;CUST0220;2025-11-13;Glass Tile;3267,45
ORDER00500;CUST0146;2025-08-21;Vinyl Tile;2120,59
ORDER00501;CUST0138;2024-09-09;Glass Tile;9083,53
ORDER00502;CUST0243;2024-03-23;Granite Tile;7572,31
ORDER00503;CUST0107;2024-03-16;Mosaic Tile;7727,47
ORDER00504;CUST0196;2025-05-09;Glass Tile;2430,6
ORDER00505;CUST0011;2025-11-10;Vinyl Tile;9860,37
ORDER00506;CUST0227;2025-09-19;Terracotta Tile;8893,17
ORDER00507;CUST0172;2024-11-17;Marble Tile;8339,17
ORDER00508;CUST0056;2025-03-27;Terracotta Tile;3394,11
ORDER00509;CUST0164;2024-12-19;Mosaic Tile;6858,63
ORDER00510;CUST0105;2024-05-26;Marble Tile;3519,93
ORDER00511;CUST0158;2024-08-22;Granite Tile;9293,0
ORDER00512;CUST0210;2024-09-08;Porcelain Tile;1689,89
ORDER00513;CUST0108;2025-10-09;Granite Tile;3232,11
ORDER00514;CUST0182;2024-02-05;Ceramic Tile;8198,08
ORDER00515;CUST0127;2024-12-17;Marble Tile;2642,26
ORDER00516;CUST0163;2025-06-16;Granite Tile;7044,83
ORDER00517;CUST0022;2024-10-18;Mosaic Tile;8184,63
ORDER00518;CUST0084;2025-01-16;Terracotta Tile;1491,46
ORDER00519;CUST0041;2025-01-12;Terracotta Tile;116,41
ORDER00520;CUST0241;2025-06-30;Mosaic Tile;7506,67
ORDER00521;CUST0125;2024-12-25;Porcelain Tile;2176,13
ORDER00522;CUST0074;2024-06-19;Vinyl Tile;9376,43
ORDER00523;CUST0229;2025-01-24;Vinyl Tile;6420,23
ORDER00524;CUST0204;2025-03-28;Vinyl Tile;4020,3
ORDER00525;CUST0073;2024-07-31;Glass Tile;708,75
ORDER00526;CUST0052;2025-07-22;Porcelain Tile;4281,19
ORDER00527;CUST0239;2024-08-03;Vinyl Tile;5880,17
ORDER00528;CUST0076;2025-12-21;Granite Tile;3322,77
ORDER00529;CUST0044;2025-12-19;Mosaic Tile;6827,36
ORDER00530;CUST0136;2025-12-18;Mosaic Tile;4018,34
ORDER00531;CUST0221;2024-07-28;Granite Tile;6651,39
ORDER00532;CUST0005;2025-08-12;Terracotta Tile;3969,21
ORDER00533;CUST0138;2025-06-04;Granite Tile;7866,91
ORDER00534;CUST0124;2025-11-24;Marble Tile;6986,8
ORDER00535;CUST0217;2024-08-15;Granite Tile;6950,48
ORDER00536;CUST0159;2025-07-31;Terracotta Tile;6582,32
ORDER00537;CUST0119;2024-09-23;Porcelain Tile;3642,61
ORDER00538;CUST0140;2025-05-03;Mosaic Tile;998,77
ORDER00539;CUST0179;2024-08-14;Marble Tile;5290,47
ORDER00540;CUST0014;2025-07-11;Ceramic Tile;7998,91
ORDER00541;CUST0065;2025-03-18;Terracotta Tile;1458,05
ORDER00542;CUST0148;2024-06-11;Granite Tile;9849,35
ORDER00543;CUST0088;2024-06-25;Vinyl Tile;9030,55
ORDER00544;CUST0151;2024-09-18;Glass Tile;6166,44
ORDER00545;CUST0023;2025-08-26;Glass Tile;1123,88
ORDER00546;CUST0206;2024-05-29;Marble Tile;8819,84
ORDER00547;CUST0010;2025-01-14;Glass Tile;6316,06
ORDER00548;CUST0231;2025-10-26;Mosaic Tile;8055,79
ORDER00549;CUST0001;2025-04-24;Ceramic Tile;2407,17
ORDER00550;CUST0136;2024-02-02;Glass Tile;4146,65
ORDER00551;CUST0207;2024-01-20;Terracotta Tile;639,95
ORDER00552;CUST0205;2024-10-20;Ceramic Tile;6199,34
ORDER00553;CUST0208;2025-12-11;Vinyl Tile;2341,52
ORDER00554;CUST0044;2024-09-24;Marble Tile;7357,41
ORDER00555;CUST0060;2024-02-01;Marble Tile;5524,27
ORDER00556;CUST0247;2025-03-02;Terracotta Tile;5200,74
ORDER00557;CUST0120;2024-12-26;Glass Tile;5763,74
ORDER00558;CUST0127;2024-09-28;Ceramic Tile;5301,25
ORDER00559;CUST0115;2024-04-15;Marble Tile;6584,3
ORDER00560;CUST0196;2024-11-13;Vinyl Tile;6797,55
ORDER00561;CUST0064;2024-01-13;Vinyl Tile;6565,34
ORDER00562;CUST0174;2025-01-23;Glass Tile;4039,98
ORDER00563;CUST0087;2024-05-06;Vinyl Tile;2765,5
ORDER00564;CUST0056;2024-04-14;Terracotta Tile;2238,11
ORDER00565;CUST0076;2024-09-03;Ceramic Tile;6331,9
ORDER00566;CUST0060;2025-03-29;Vinyl Tile;2672,74
ORDER00567;CUST0080;2024-04-24;Mosaic Tile;7442,86
ORDER00568;CUST0187;2024-04-18;Glass Tile;6488,87
ORDER00569;CUST0009;2024-12-03;Ceramic Tile;8586,42
ORDER00570;CUST0007;2024-08-11;Terracotta Tile;2047,26
ORDER00571;CUST0127;2025-07-01;Mosaic Tile;4929,69
ORDER00572;CUST0013;2025-10-19;Granite Tile;4286,2
ORDER00573;CUST0078;2024-08-10;Granite Tile;5088,4
ORDER00574;CUST0121;2024-04-27;Granite Tile;266,89
ORDER00575;CUST0161;2024-03-29;Marble Tile;6882,84
ORDER00576;CUST0168;2025-11-17;Marble Tile;6871,8
ORDER00577;CUST0044;2025-10-20;Ceramic Tile;1835,6
ORDER00578;CUST0200;2024-06-05;Granite Tile;438,83
ORDER00579;CUST0195;2025-04-09;Glass Tile;2381,6
ORDER00580;CUST0240;2024-07-28;Marble Tile;3470,51
ORDER00581;CUST0110;2024-11-23;Granite Tile;381,96
ORDER00582;CUST0056;2025-08-08;Vinyl Tile;4316,06
ORDER00583;CUST0171;2024-12-13;Porcelain Tile;600,15
ORDER00584;CUST0177;2024-08-28;Vinyl Tile;8156,77
ORDER00585;CUST0229;2025-11-12;Vinyl Tile;7916,8
ORDER00586;CUST0165;2025-07-07;Marble Tile;8184,33
ORDER00587;CUST0217;2025-12-08;Glass Tile;4737,07
ORDER00588;CUST0025;2024-04-11;Mosaic Tile;4071,93
ORDER00589;CUST0066;2024-03-17;Terracotta Tile;458,73
ORDER00590;CUST0151;2024-12-14;Mosaic Tile;8595,47
ORDER00591;CUST0158;2024-08-22;Terracotta Tile;1668,71
ORDER00592;CUST0141;2025-03-06;Vinyl Tile;3421,58
ORDER00593;CUST0070;2025-11-18;Terracotta Tile;5941,64
ORDER00594;CUST0046;2025-12-15;Mosaic Tile;5211,58
ORDER00595;CUST0168;2025-09-26;Marble Tile;1333,38
ORDER00596;CUST0080;2025-06-01;Marble Tile;9244,83
ORDER00597;CUST0039;2024-02-09;Glass Tile;6679,74
ORDER00598;CUST0180;2024-07-16;Ceramic Tile;1443,67
ORDER00599;CUST0064;2024-06-26;Marble Tile;9549,76
ORDER00600;CUST0064;2024-01-09;Porcelain Tile;3035,01
ORDER00601;CUST0072;2025-12-02;Vinyl Tile;536,08
ORDER00602;CUST0181;2025-10-24;Marble Tile;459,87
ORDER00603;CUST0002;2024-06-25;Granite Tile;5119,13
ORDER00604;CUST0107;2024-09-25;Ceramic Tile;7981,15
ORDER00605;CUST0112;2025-02-06;Porcelain Tile;2648,36
ORDER00606;CUST0141;2024-04-07;Mosaic Tile;2455,23
ORDER00607;CUST0095;2025-01-31;Vinyl Tile;4273,02
ORDER00608;CUST0239;2024-02-02;Ceramic Tile;7259,34
ORDER00609;CUST0030;2024-09-07;Vinyl Tile;1407,39
ORDER00610;CUST0159;2025-11-11;Porcelain Tile;1634,09
ORDER00611;CUST0111;2025-05-10;Mosaic Tile;3831,64
ORDER00612;CUST0133;2024-09-03;Mosaic Tile;3426,87
ORDER00613;CUST0039;2025-02-26;Terracotta Tile;2686,06
ORDER00614;CUST0137;2024-05-10;Vinyl Tile;1414,04
ORDER00615;CUST0085;2024-05-09;Glass Tile;4441,81
ORDER00616;CUST0032;2024-09-03;Granite Tile;9835,89
ORDER00617;CUST0112;2024-02-01;Vinyl Tile;7672,92
ORDER00618;CUST0159;2024-05-08;Mosaic Tile;5489,91
ORDER00619;CUST0117;2024-01-26;Ceramic Tile;1509,85
ORDER00620;CUST0112;2024-09-25;Ceramic Tile;6690,68
ORDER00621;CUST0192;2025-02-10;Mosaic Tile;1066,63
ORDER00622;CUST0051;2024-07-24;Porcelain Tile;3985,64
ORDER00623;CUST0103;2025-05-30;Ceramic Tile;7726,73
ORDER00624;CUST0234;2024-11-28;Porcelain Tile;562,19
ORDER00625;CUST0021;2025-06-15;Marble Tile;9463,95
ORDER00626;CUST0230;2025-03-31;Marble Tile;7349,22
ORDER00627;CUST0096;2024-03-29;Marble Tile;7337,61
ORDER00628;CUST0166;2024-12-19;Glass Tile;2482,0
ORDER00629;CUST0103;2024-05-15;Porcelain Tile;4316,28
ORDER00630;CUST0123;2025-12-12;Vinyl Tile;6560,23
ORDER00631;CUST0076;2024-11-24;Mosaic Tile;1581,67
ORDER00632;CUST0157;2024-02-29;Terracotta Tile;7809,28
ORDER00633;CUST0174;2025-07-04;Porcelain Tile;3867,29
ORDER00634;CUST0156;2024-03-15;Ceramic Tile;4252,09
ORDER00635;CUST0128;2025-03-12;Glass Tile;3103,15
ORDER00636;CUST0122;2024-08-19;Mosaic Tile;1362,42
ORDER00637;CUST0066;2025-01-19;Mosaic Tile;8758,08
ORDER00638;CUST0187;2024-04-22;Ceramic Tile;8171,44
ORDER00639;CUST0020;2025-03-29;Terracotta Tile;567,35
ORDER00640;CUST0038;2024-01-15;Porcelain Tile;8846,67
ORDER00641;CUST0198;2025-12-01;Marble Tile;6628,07
ORDER00642;CUST0101;2025-06-17;Granite Tile;4848,06
ORDER00643;CUST0058;2025-11-11;Porcelain Tile;647,45
ORDER00644;CUST0059;2024-06-01;Glass Tile;6327,06
ORDER00645;CUST0032;2024-02-24;Granite Tile;4531,29
ORDER00646;CUST0136;2025-01-22;Terracotta Tile;4896,14
ORDER00647;CUST0067;2025-06-11;Marble Tile;5039,36
ORDER00648;CUST0191;2025-09-22;Marble Tile;2431,75
ORDER00649;CUST0185;2025-11-11;Glass Tile;7581,66
ORDER00650;CUST0057;2024-12-03;Marble Tile;4679,76
ORDER00651;CUST0044;2025-11-03;Mosaic Tile;8084,58
ORDER00652;CUST0060;2024-09-13;Glass Tile;5775,01
ORDER00653;CUST0095;2024-01-11;Mosaic Tile;2672,06
ORDER00654;CUST0151;2024-03-02;Ceramic Tile;516,04
ORDER00655;CUST0032;2025-06-10;Vinyl Tile;6291,27
ORDER00656;CUST0241;2024-09-17;Terracotta Tile;6588,57
ORDER00657;CUST0189;2025-10-01;Marble Tile;1957,74
ORDER00658;CUST0097;2024-12-03;Glass Tile;5394,0
ORDER00659;CUST0191;2024-07-12;Ceramic Tile;4933,82
ORDER00660;CUST0110;2024-10-25;Marble Tile;7363,45
ORDER00661;CUST0031;2024-09-03;Mosaic Tile;9394,76
ORDER00662;CUST0106;2024-07-16;Terracotta Tile;6949,83
ORDER00663;CUST0178;2025-05-15;Porcelain Tile;2311,19
ORDER00664;CUST0169;2024-08-16;Mosaic Tile;1731,6
ORDER00665;CUST0195;2024-07-06;Marble Tile;3153,99
ORDER00666;CUST0142;2024-01-01;Ceramic Tile;850,59
ORDER00667;CUST0087;2025-03-10;Ceramic Tile;3973,96
ORDER00668;CUST0036;2025-09-02;Terracotta Tile;9706,52
ORDER00669;CUST0056;2025-12-15;Terracotta Tile;6050,22
ORDER00670;CUST0220;2025-09-08;Vinyl Tile;8887,84
ORDER00671;CUST0030;2025-09-27;Vinyl Tile;6964,65
ORDER00672;CUST0186;2024-03-26;Glass Tile;8187,16
ORDER00673;CUST0238;2024-04-12;Ceramic Tile;5590,73
ORDER00674;CUST0066;2025-06-29;Vinyl Tile;988,9
ORDER00675;CUST0148;2025-01-14;Vinyl Tile;8708,29
ORDER00676;CUST0046;2025-08-22;Glass Tile;1146,41
ORDER00677;CUST0194;2024-09-08;Glass Tile;8907,22
ORDER00678;CUST0212;2025-12-28;Mosaic Tile;3308,27
ORDER00679;CUST0173;2025-01-12;Marble Tile;8668,58
ORDER00680;CUST0229;2025-08-15;Mosaic Tile;5804,87
ORDER00681;CUST0243;2024-09-20;Glass Tile;8843,11
ORDER00682;CUST0153;2025-12-09;Terracotta Tile;5311,93
ORDER00683;CUST0159;2025-07-11;Marble Tile;2812,6
ORDER00684;CUST0122;2024-08-07;Porcelain Tile;7403,43
ORDER00685;CUST0236;2024-04-15;Ceramic Tile;1056,92
ORDER00686;CUST0010;2025-07-27;Vinyl Tile;6333,36
ORDER00687;CUST0207;2025-05-31;Porcelain Tile;5727,58
ORDER00688;CUST0087;2025-11-14;Terracotta Tile;8596,41
ORDER00689;CUST0060;2025-07-10;Ceramic Tile;9192,19
ORDER00690;CUST0065;2025-04-24;Porcelain Tile;7331,64
ORDER00691;CUST0031;2025-12-18;Mosaic Tile;9964,6
ORDER00692;CUST0052;2024-11-19;Marble Tile;1387,12
ORDER00693;CUST0113;2025-06-04;Glass Tile;1497,79
ORDER00694;CUST0107;2024-06-06;Granite Tile;4398,95
ORDER00695;CUST0125;2025-08-24;Terracotta Tile;8337,18
ORDER00696;CUST0089;2025-12-02;Granite Tile;9194,01
ORDER00697;CUST0144;2025-12-01;Ceramic Tile;4456,86
ORDER00698;CUST0048;2024-01-10;Terracotta Tile;600,36
ORDER00699;CUST0165;2025-03-29;Terracotta Tile;3201,76
ORDER00700;CUST0176;2025-11-04;Glass Tile;7225,72
ORDER00701;CUST0005;2025-07-14;Vinyl Tile;3118,11
ORDER00702;CUST0006;2025-01-10;Ceramic Tile;1250,8
ORDER00703;CUST0128;2024-12-01;Vinyl Tile;5974,33
ORDER00704;CUST0216;2025-09-08;Marble Tile;1339,36
ORDER00705;CUST0110;2025-12-24;Mosaic Tile;8943,05
ORDER00706;CUST0104;2025-01-25;Vinyl Tile;7499,56
ORDER00707;CUST0239;2025-12-01;Granite Tile;739,99
ORDER00708;CUST0053;2025-01-19;Granite Tile;8323,21
ORDER00709;CUST0130;2025-06-23;Marble Tile;6186,57
ORDER00710;CUST0005;2024-10-11;Granite Tile;2928,76
ORDER00711;CUST0188;2024-05-26;Ceramic Tile;2658,24
ORDER00712;CUST0213;2025-01-27;Granite Tile;3182,53
ORDER00713;CUST0072;2025-07-10;Terracotta Tile;4975,17
ORDER00714;CUST0062;2025-02-04;Mosaic Tile;5970,29
ORDER00715;CUST0202;2024-09-03;Granite Tile;3956,93
ORDER00716;CUST0098;2024-12-12;Porcelain Tile;4858,92
ORDER00717;CUST0240;2025-01-28;Vinyl Tile;8257,05
ORDER00718;CUST0171;2025-03-06;Granite Tile;2366,1
ORDER00719;CUST0054;2025-10-03;Terracotta Tile;3037,68
ORDER00720;CUST0078;2024-05-09;Marble Tile;6888,02
ORDER00721;CUST0066;2025-01-01;Granite Tile;6026,21
ORDER00722;CUST0085;2024-02-07;Granite Tile;1959,08
ORDER00723;CUST0032;2025-01-21;Granite Tile;4049,14
ORDER00724;CUST0030;2024-02-02;Porcelain Tile;4089,67
ORDER00725;CUST0154;2025-08-22;Marble Tile;2624,91
ORDER00726;CUST0025;2024-03-28;Terracotta Tile;8157,25
ORDER00727;CUST0170;2025-05-14;Marble Tile;9157,15
ORDER00728;CUST0197;2024-05-14;Marble Tile;2853,43
ORDER00729;CUST0207;2025-03-31;Granite Tile;1197,28
ORDER00730;CUST0242;2025-11-28;Ceramic Tile;5549,03
ORDER00731;CUST0098;2025-06-08;Marble Tile;5185,54
ORDER00732;CUST0113;2024-11-14;Glass Tile;8593,93
ORDER00733;CUST0029;2025-09-21;Glass Tile;3407,06
ORDER00734;CUST0222;2024-11-03;Ceramic Tile;8079,57
ORDER00735;CUST0228;2024-07-31;Terracotta Tile;5676,24
ORDER00736;CUST0130;2025-11-11;Mosaic Tile;2629,89
ORDER00737;CUST0102;2024-08-21;Terracotta Tile;2929,83
ORDER00738;CUST0156;2025-01-12;Vinyl Tile;568,79
ORDER00739;CUST0201;2024-04-12;Marble Tile;6743,25
ORDER00740;CUST0137;2024-08-31;Granite Tile;3448,65
ORDER00741;CUST0165;2025-07-15;Porcelain Tile;3791,62
ORDER00742;CUST0099;2024-01-31;Granite Tile;5998,92
ORDER00743;CUST0042;2025-10-15;Granite Tile;7466,55
ORDER00744;CUST0234;2024-05-09;Ceramic Tile;8947,16
ORDER00745;CUST0175;2025-07-09;Granite Tile;6609,73
ORDER00746;CUST0003;2024-06-11;Granite Tile;1890,64
ORDER00747;CUST0125;2024-02-05;Granite Tile;5769,76
ORDER00748;CUST0012;2024-06-05;Ceramic Tile;9070,18
ORDER00749;CUST0179;2024-05-24;Terracotta Tile;7562,08
ORDER00750;CUST0103;2024-07-10;Terracotta Tile;7244,24
ORDER00751;CUST0164;2024-02-07;Terracotta Tile;9237,55
ORDER00752;CUST0169;2024-03-04;Terracotta Tile;9298,96
ORDER00753;CUST0064;2025-06-01;Terracotta Tile;1440,48
ORDER00754;CUST0015;2025-11-12;Ceramic Tile;3649,38
ORDER00755;CUST0046;2024-08-08;Terracotta Tile;4015,96
ORDER00756;CUST0246;2025-03-20;Porcelain Tile;4834,65
ORDER00757;CUST0161;2024-04-22;Ceramic Tile;3035,69
ORDER00758;CUST0143;2024-02-08;Terracotta Tile;272,55
ORDER00759;CUST0120;2025-07-24;Marble Tile;5332,04
ORDER00760;CUST0060;2025-01-21;Vinyl Tile;2214,4
ORDER00761;CUST0245;2024-03-28;Mosaic Tile;8877,83
ORDER00762;CUST0023;2025-09-18;Granite Tile;544,88
ORDER00763;CUST0194;2024-10-04;Terracotta Tile;9948,79
ORDER00764;CUST0220;2025-10-18;Ceramic Tile;4703,46
ORDER00765;CUST0236;2024-08-22;Mosaic Tile;448,3
ORDER00766;CUST0141;2024-03-05;Granite Tile;8214,11
ORDER00767;CUST0049;2025-05-04;Porcelain Tile;5039,16
ORDER00768;CUST0043;2024-11-25;Glass Tile;4608,59
ORDER00769;CUST0009;2024-05-11;Mosaic Tile;6989,81
ORDER00770;CUST0065;2025-05-20;Mosaic Tile;790,67
ORDER00771;CUST0227;2025-03-28;Ceramic Tile;1870,8
ORDER00772;CUST0234;2025-08-25;Granite Tile;9350,32
ORDER00773;CUST0062;2025-09-13;Ceramic Tile;1589,45
ORDER00774;CUST0060;2025-02-05;Porcelain Tile;6589,42
ORDER00775;CUST0018;2024-03-13;Marble Tile;1695,3
ORDER00776;CUST0031;2025-07-23;Porcelain Tile;3227,55
ORDER00777;CUST0158;2024-02-18;Mosaic Tile;3273,83
ORDER00778;CUST0203;2025-05-08;Vinyl Tile;4169,9
ORDER00779;CUST0010;2025-10-02;Granite Tile;9133,77
ORDER00780;CUST0043;2024-08-08;Terracotta Tile;2976,51
ORDER00781;CUST0007;2024-04-01;Vinyl Tile;347,62
ORDER00782;CUST0094;2024-03-30;Ceramic Tile;8636,08
ORDER00783;CUST0086;2024-05-23;Porcelain Tile;8527,59
ORDER00784;CUST0047;2025-09-10;Ceramic Tile;8484,52
ORDER00785;CUST0131;2024-12-15;Marble Tile;1395,66
ORDER00786;CUST0112;2024-05-04;Mosaic Tile;74,27
ORDER00787;CUST0183;2024-07-12;Terracotta Tile;6658,87
ORDER00788;CUST0205;2024-02-04;Glass Tile;9487,72
ORDER00789;CUST0140;2025-06-25;Mosaic Tile;6098,08
ORDER00790;CUST0195;2024-02-04;Granite Tile;997,36
ORDER00791;CUST0216;2025-04-30;Granite Tile;8946,67
ORDER00792;CUST0035;2024-08-21;Vinyl Tile;7729,95
ORDER00793;CUST0021;2024-07-09;Marble Tile;4138,75
ORDER00794;CUST0007;2025-08-23;Ceramic Tile;5043,69
ORDER00795;CUST0052;2024-06-07;Vinyl Tile;7087,33
ORDER00796;CUST0037;2025-12-26;Glass Tile;2577,56
ORDER00797;CUST0225;2024-01-14;Ceramic Tile;9844,94
ORDER00798;CUST0109;2024-03-18;Vinyl Tile;2797,13
ORDER00799;CUST0051;2025-06-04;Vinyl Tile;2139,24
ORDER00800;CUST0087;2025-09-28;Ceramic Tile;156,7
ORDER00801;CUST0242;2024-09-06;Terracotta Tile;183,31
ORDER00802;CUST0052;2025-03-13;Terracotta Tile;8080,42
ORDER00803;CUST0076;2025-04-23;Vinyl Tile;1358,18
ORDER00804;CUST0035;2025-03-27;Granite Tile;3861,47
ORDER00805;CUST0235;2025-08-25;Marble Tile;6062,4
ORDER00806;CUST0174;2024-10-01;Glass Tile;3044,11
ORDER00807;CUST0021;2025-06-18;Porcelain Tile;8456,48
ORDER00808;CUST0203;2025-12-15;Porcelain Tile;5411,75
ORDER00809;CUST0231;2024-09-26;Mosaic Tile;3220,81
ORDER00810;CUST0006;2025-05-28;Vinyl Tile;3839,51
ORDER00811;CUST0202;2025-03-15;Mosaic Tile;1698,97
ORDER00812;CUST0024;2025-10-26;Vinyl Tile;197,63
ORDER00813;CUST0066;2024-06-10;Marble Tile;9665,61
ORDER00814;CUST0044;2025-01-03;Granite Tile;528,5
ORDER00815;CUST0014;2025-03-14;Glass Tile;2998,93
ORDER00816;CUST0187;2025-08-31;Porcelain Tile;6375,05
ORDER00817;CUST0048;2025-12-16;Ceramic Tile;9377,84
ORDER00818;CUST0066;2025-04-05;Ceramic Tile;2503,73
ORDER00819;CUST0162;2024-04-06;Mosaic Tile;4452,28
ORDER00820;CUST0133;2025-01-25;Mosaic Tile;9133,26
ORDER00821;CUST0119;2024-05-22;Glass Tile;364,44
ORDER00822;CUST0185;2024-04-23;Mosaic Tile;8524,25
ORDER00823;CUST0074;2025-08-22;Glass Tile;3235,67
ORDER00824;CUST0082;2024-06-21;Terracotta Tile;526,71
ORDER00825;CUST0178;2024-07-26;Glass Tile;3449,04
ORDER00826;CUST0213;2024-08-27;Granite Tile;497,12
ORDER00827;CUST0025;2025-10-26;Granite Tile;8047,78
ORDER00828;CUST0124;2024-10-01;Marble Tile;426,09
ORDER00829;CUST0237;2024-08-01;Glass Tile;1300,55
ORDER00830;CUST0054;2025-05-23;Ceramic Tile;4468,92
ORDER00831;CUST0019;2025-10-16;Marble Tile;8714,69
ORDER00832;CUST0052;2025-01-10;Glass Tile;972,99
ORDER00833;CUST0165;2025-10-31;Vinyl Tile;8338,14
ORDER00834;CUST0160;2024-08-07;Terracotta Tile;4805,9
ORDER00835;CUST0222;2025-11-04;Marble Tile;7525,99
ORDER00836;CUST0205;2024-08-15;Terracotta Tile;9846,81
ORDER00837;CUST0022;2024-07-03;Glass Tile;792,37
ORDER00838;CUST0094;2025-06-03;Granite Tile;8415,06
ORDER00839;CUST0176;2025-08-21;Granite Tile;6881,05
ORDER00840;CUST0045;2025-03-20;Porcelain Tile;3959,5
ORDER00841;CUST0110;2024-02-05;Marble Tile;9387,78
ORDER00842;CUST0182;2025-02-23;Mosaic Tile;3787,06
ORDER00843;CUST0051;2024-10-04;Marble Tile;1084,63
ORDER00844;CUST0070;2024-09-19;Glass Tile;9947,37
ORDER00845;CUST0244;2024-04-15;Marble Tile;662,67
ORDER00846;CUST0054;2024-03-24;Terracotta Tile;2613,58
ORDER00847;CUST0170;2025-05-12;Porcelain Tile;363,39
ORDER00848;CUST0227;2025-04-08;Porcelain Tile;806,09
ORDER00849;CUST0045;2024-05-19;Mosaic Tile;8705,72
ORDER00850;CUST0063;2025-07-17;Glass Tile;6365,26
ORDER00851;CUST0206;2024-08-25;Glass Tile;4363,55
ORDER00852;CUST0161;2024-05-07;Vinyl Tile;6168,71
ORDER00853;CUST0125;2025-10-26;Glass Tile;743,0
ORDER00854;CUST0061;2024-07-10;Glass Tile;6307,52
ORDER00855;CUST0238;2024-10-15;Terracotta Tile;1893,11
ORDER00856;CUST0102;2025-05-31;Granite Tile;6848,21
ORDER00857;CUST0222;2024-09-12;Mosaic Tile;6705,13
ORDER00858;CUST0179;2025-09-09;Mosaic Tile;5183,93
ORDER00859;CUST0040;2024-11-01;Porcelain Tile;6816,86
ORDER00860;CUST0053;2024-06-14;Glass Tile;9079,82
ORDER00861;CUST0064;2024-12-10;Glass Tile;8398,55
ORDER00862;CUST0210;2025-09-14;Porcelain Tile;7095,04
ORDER00863;CUST0031;2024-08-06;Ceramic Tile;4133,92
ORDER00864;CUST0043;2024-09-20;Glass Tile;7996,42
ORDER00865;CUST0092;2025-04-12;Glass Tile;9783,09
ORDER00866;CUST0107;2025-10-16;Granite Tile;4845,09
ORDER00867;CUST0017;2024-06-16;Vinyl Tile;9139,55
ORDER00868;CUST0008;2025-12-29;Terracotta Tile;4216,5
ORDER00869;CUST0182;2025-03-01;Mosaic Tile;9545,22
ORDER00870;CUST0091;2024-09-10;Ceramic Tile;7685,49
ORDER00871;CUST0090;2025-11-25;Porcelain Tile;5790,7
ORDER00872;CUST0212;2025-07-01;Porcelain Tile;2651,76
ORDER00873;CUST0135;2025-01-10;Terracotta Tile;5571,59
ORDER00874;CUST0139;2024-01-26;Vinyl Tile;2805,25
ORDER00875;CUST0153;2024-10-01;Marble Tile;5513,12
ORDER00876;CUST0169;2025-07-04;Granite Tile;9146,09
ORDER00877;CUST0177;2024-12-21;Ceramic Tile;2131,52
ORDER00878;CUST0217;2025-01-10;Mosaic Tile;7503,49
ORDER00879;CUST0015;2024-03-31;Vinyl Tile;1452,97
ORDER00880;CUST0161;2024-05-16;Mosaic Tile;1113,96
ORDER00881;CUST0055;2025-10-30;Mosaic Tile;5235,99
ORDER00882;CUST0240;2025-02-03;Terracotta Tile;5533,54
ORDER00883;CUST0214;2025-10-07;Granite Tile;4612,42
ORDER00884;CUST0198;2024-08-20;Porcelain Tile;2465,41
ORDER00885;CUST0139;2024-06-30;Porcelain Tile;9217,71
ORDER00886;CUST0001;2024-11-24;Porcelain Tile;6940,9
ORDER00887;CUST0183;2024-01-29;Ceramic Tile;4276,6
ORDER00888;CUST0146;2024-10-06;Vinyl Tile;1384,27
ORDER00889;CUST0052;2025-02-18;Marble Tile;7092,87
ORDER00890;CUST0065;2024-02-26;Vinyl Tile;734,65
ORDER00891;CUST0174;2025-07-24;Granite Tile;5082,96
ORDER00892;CUST0023;2024-09-06;Ceramic Tile;7943,03
ORDER00893;CUST0130;2024-03-29;Marble Tile;6550,84
ORDER00894;CUST0230;2024-01-23;Vinyl Tile;51,36
ORDER00895;CUST0040;2025-01-29;Terracotta Tile;4175,03
ORDER00896;CUST0047;2024-05-21;Ceramic Tile;5742,28
ORDER00897;CUST0171;2025-11-08;Porcelain Tile;1063,37
ORDER00898;CUST0145;2024-12-04;Mosaic Tile;7296,71
ORDER00899;CUST0088;2025-03-23;Ceramic Tile;6244,54
ORDER00900;CUST0201;2024-11-20;Vinyl Tile;8719,49
ORDER00901;CUST0049;2025-09-09;Vinyl Tile;2442,11
ORDER00902;CUST0156;2025-02-02;Ceramic Tile;7139,95
ORDER00903;CUST0178;2024-09-10;Marble Tile;8562,42
ORDER00904;CUST0109;2025-04-28;Mosaic Tile;7885,74
ORDER00905;CUST0144;2024-09-11;Mosaic Tile;4582,27
ORDER00906;CUST0083;2025-01-21;Terracotta Tile;8029,89
ORDER00907;CUST0084;2025-06-28;Marble Tile;3304,17
ORDER00908;CUST0169;2025-06-02;Marble Tile;5810,74
ORDER00909;CUST0241;2024-12-02;Vinyl Tile;3473,42
ORDER00910;CUST0205;2024-07-19;Terracotta Tile;5650,53
ORDER00911;CUST0090;2024-04-13;Ceramic Tile;7499,8
ORDER00912;CUST0007;2025-09-15;Marble Tile;9268,68
ORDER00913;CUST0024;2025-02-08;Terracotta Tile;8804,22
ORDER00914;CUST0014;2024-06-03;Vinyl Tile;8164,91
ORDER00915;CUST0233;2024-04-28;Mosaic Tile;9838,55
ORDER00916;CUST0076;2025-07-23;Granite Tile;6635,86
ORDER00917;CUST0158;2024-10-12;Terracotta Tile;2268,5
ORDER00918;CUST0055;2025-04-01;Granite Tile;4583,51
ORDER00919;CUST0202;2025-08-07;Ceramic Tile;668,8
ORDER00920;CUST0055;2025-10-02;Vinyl Tile;6976,99
ORDER00921;CUST0063;2025-12-25;Terracotta Tile;3563,1
ORDER00922;CUST0127;2024-10-20;Vinyl Tile;4807,83
ORDER00923;CUST0128;2025-03-15;Porcelain Tile;6351,59
ORDER00924;CUST0235;2024-10-19;Mosaic Tile;4376,11
ORDER00925;CUST0066;2025-12-21;Mosaic Tile;388,17
ORDER00926;CUST0168;2025-03-11;Terracotta Tile;2651,57
ORDER00927;CUST0127;2025-01-24;Granite Tile;8642,24
ORDER00928;CUST0065;2025-02-14;Granite Tile;8722,54
ORDER00929;CUST0250;2025-03-19;Granite Tile;2408,12
ORDER00930;CUST0151;2024-02-28;Ceramic Tile;9617,77
ORDER00931;CUST0247;2024-03-29;Ceramic Tile;5464,88
ORDER00932;CUST0107;2024-12-27;Ceramic Tile;4966,56
ORDER00933;CUST0034;2025-05-27;Mosaic Tile;4370,16
ORDER00934;CUST0213;2025-04-20;Vinyl Tile;3976,75
ORDER00935;CUST0212;2024-05-03;Vinyl Tile;8695,95
ORDER00936;CUST0032;2025-05-06;Ceramic Tile;4084,0
ORDER00937;CUST0210;2024-11-21;Granite Tile;6369,47
ORDER00938;CUST0206;2024-12-24;Terracotta Tile;6162,64
ORDER00939;CUST0078;2024-05-25;Vinyl Tile;2917,66
ORDER00940;CUST0213;2025-02-02;Ceramic Tile;6726,85
ORDER00941;CUST0030;2024-02-13;Ceramic Tile;3260,12
ORDER00942;CUST0214;2025-09-05;Granite Tile;6392,63
ORDER00943;CUST0106;2024-06-26;Ceramic Tile;3457,55
ORDER00944;CUST0218;2025-08-29;Vinyl Tile;5591,49
ORDER00945;CUST0244;2024-08-11;Vinyl Tile;1651,35
ORDER00946;CUST0249;2025-12-27;Terracotta Tile;6799,16
ORDER00947;CUST0212;2025-10-30;Terracotta Tile;4823,2
ORDER00948;CUST0138;2024-09-30;Mosaic Tile;9802,98
ORDER00949;CUST0022;2024-12-01;Porcelain Tile;7686,9
ORDER00950;CUST0122;2025-02-10;Terracotta Tile;3593,34
ORDER00951;CUST0072;2025-09-03;Glass Tile;3269,06
ORDER00952;CUST0036;2025-08-08;Granite Tile;6800,19
ORDER00953;CUST0241;2025-07-24;Vinyl Tile;1177,46
ORDER00954;CUST0021;2025-03-08;Terracotta Tile;9719,35
ORDER00955;CUST0178;2025-04-04;Ceramic Tile;450,01
ORDER00956;CUST0033;2024-02-22;Mosaic Tile;7663,02
ORDER00957;CUST0187;2025-04-28;Marble Tile;8050,48
ORDER00958;CUST0062;2025-07-23;Mosaic Tile;429,53
ORDER00959;CUST0166;2024-01-06;Vinyl Tile;5795,75
ORDER00960;CUST0183;2025-02-08;Porcelain Tile;7341,58
ORDER00961;CUST0133;2024-10-18;Mosaic Tile;5993,76
ORDER00962;CUST0245;2024-08-19;Terracotta Tile;6614,48
ORDER00963;CUST0088;2024-05-18;Vinyl Tile;7270,2
ORDER00964;CUST0077;2025-08-26;Terracotta Tile;1809,45
ORDER00965;CUST0036;2025-03-30;Granite Tile;7756,43
ORDER00966;CUST0050;2024-02-14;Mosaic Tile;4720,29
ORDER00967;CUST0108;2025-10-15;Ceramic Tile;5773,32
ORDER00968;CUST0028;2024-02-16;Marble Tile;2784,76
ORDER00969;CUST0238;2024-02-29;Glass Tile;6696,96
ORDER00970;CUST0064;2025-11-27;Marble Tile;4707,31
ORDER00971;CUST0040;2025-04-04;Terracotta Tile;3425,33
ORDER00972;CUST0035;2024-06-16;Glass Tile;2431,22
ORDER00973;CUST0236;2025-12-25;Vinyl Tile;2860,35
ORDER00974;CUST0104;2024-03-05;Mosaic Tile;3810,34
ORDER00975;CUST0035;2025-05-05;Granite Tile;8475,73
ORDER00976;CUST0113;2024-06-07;Granite Tile;6221,31
ORDER00977;CUST0092;2024-11-03;Porcelain Tile;7140,9
ORDER00978;CUST0099;2025-11-27;Granite Tile;9977,73
ORDER00979;CUST0131;2024-03-31;Glass Tile;8677,51
ORDER00980;CUST0110;2024-12-12;Mosaic Tile;8642,74
ORDER00981;CUST0072;2025-11-01;Marble Tile;8984,08
ORDER00982;CUST0163;2025-05-07;Porcelain Tile;2041,46
ORDER00983;CUST0033;2025-04-11;Porcelain Tile;2297,93
ORDER00984;CUST0016;2025-07-11;Terracotta Tile;3822,1
ORDER00985;CUST0040;2025-01-11;Glass Tile;8251,32
ORDER00986;CUST0095;2025-07-09;Mosaic Tile;1859,27
ORDER00987;CUST0054;2024-11-27;Glass Tile;4324,31
ORDER00988;CUST0120;2024-10-28;Ceramic Tile;6853,16
ORDER00989;CUST0248;2025-08-09;Granite Tile;6648,26
ORDER00990;CUST0201;2024-08-04;Porcelain Tile;4417,14
ORDER00991;CUST0209;2024-01-12;Mosaic Tile;1918,8
ORDER00992;CUST0188;2025-01-05;Glass Tile;3403,8
ORDER00993;CUST0034;2025-04-22;Marble Tile;1354,4
ORDER00994;CUST0063;2024-10-26;Marble Tile;1438,88
ORDER00995;CUST0163;2025-09-17;Terracotta Tile;9294,02
ORDER00996;CUST0044;2025-05-04;Terracotta Tile;8488,04
ORDER00997;CUST0183;2024-03-30;Ceramic Tile;1463,69
ORDER00998;CUST0233;2025-12-04;Ceramic Tile;1493,86
ORDER00999;CUST0131;2025-03-25;Vinyl Tile;9986,21
ORDER01000;CUST0092;2024-04-18;Marble Tile;9819,68
